backgrounds/noise/free-sound/noise-free-sound-0000.wav	565124
backgrounds/noise/free-sound/noise-free-sound-0001.wav	1297212
backgrounds/noise/free-sound/noise-free-sound-0002.wav	2279004
backgrounds/noise/free-sound/noise-free-sound-0003.wav	455590
backgrounds/noise/free-sound/noise-free-sound-0004.wav	95612
backgrounds/noise/free-sound/noise-free-sound-0005.wav	677974
backgrounds/noise/free-sound/noise-free-sound-0006.wav	248690
backgrounds/noise/free-sound/noise-free-sound-0007.wav	531688
backgrounds/noise/free-sound/noise-free-sound-0008.wav	665806
backgrounds/noise/free-sound/noise-free-sound-0009.wav	268418
backgrounds/noise/free-sound/noise-free-sound-0010.wav	263774
backgrounds/noise/free-sound/noise-free-sound-0011.wav	1115250
backgrounds/noise/free-sound/noise-free-sound-0012.wav	1029044
backgrounds/noise/free-sound/noise-free-sound-0013.wav	49468
backgrounds/noise/free-sound/noise-free-sound-0014.wav	109354
backgrounds/noise/free-sound/noise-free-sound-0015.wav	2919880
backgrounds/noise/free-sound/noise-free-sound-0016.wav	128044
backgrounds/noise/free-sound/noise-free-sound-0017.wav	252118
backgrounds/noise/free-sound/noise-free-sound-0018.wav	466486
backgrounds/noise/free-sound/noise-free-sound-0019.wav	369892
backgrounds/noise/free-sound/noise-free-sound-0020.wav	1925988
backgrounds/noise/free-sound/noise-free-sound-0021.wav	577494
backgrounds/noise/free-sound/noise-free-sound-0022.wav	794668
backgrounds/noise/free-sound/noise-free-sound-0023.wav	359724
backgrounds/noise/free-sound/noise-free-sound-0024.wav	632974
backgrounds/noise/free-sound/noise-free-sound-0025.wav	75138
backgrounds/noise/free-sound/noise-free-sound-0026.wav	121558
backgrounds/noise/free-sound/noise-free-sound-0027.wav	737324
backgrounds/noise/free-sound/noise-free-sound-0028.wav	627818
backgrounds/noise/free-sound/noise-free-sound-0029.wav	285092
backgrounds/noise/free-sound/noise-free-sound-0030.wav	2336436
backgrounds/noise/free-sound/noise-free-sound-0031.wav	1135222
backgrounds/noise/free-sound/noise-free-sound-0032.wav	1965484
backgrounds/noise/free-sound/noise-free-sound-0033.wav	176886
backgrounds/noise/free-sound/noise-free-sound-0034.wav	662092
backgrounds/noise/free-sound/noise-free-sound-0035.wav	1021910
backgrounds/noise/free-sound/noise-free-sound-0036.wav	146284
backgrounds/noise/free-sound/noise-free-sound-0037.wav	30124
backgrounds/noise/free-sound/noise-free-sound-0038.wav	29270
backgrounds/noise/free-sound/noise-free-sound-0039.wav	110338
backgrounds/noise/free-sound/noise-free-sound-0041.wav	1849096
backgrounds/noise/free-sound/noise-free-sound-0044.wav	147166
backgrounds/noise/free-sound/noise-free-sound-0045.wav	148652
backgrounds/noise/free-sound/noise-free-sound-0046.wav	147908
backgrounds/noise/free-sound/noise-free-sound-0048.wav	15829162
backgrounds/noise/free-sound/noise-free-sound-0049.wav	110978
backgrounds/noise/free-sound/noise-free-sound-0050.wav	132304
backgrounds/noise/free-sound/noise-free-sound-0051.wav	208684
backgrounds/noise/free-sound/noise-free-sound-0052.wav	181298
backgrounds/noise/free-sound/noise-free-sound-0055.wav	1283172
backgrounds/noise/free-sound/noise-free-sound-0058.wav	64044
backgrounds/noise/free-sound/noise-free-sound-0059.wav	974214
backgrounds/noise/free-sound/noise-free-sound-0060.wav	33480
backgrounds/noise/free-sound/noise-free-sound-0061.wav	353638
backgrounds/noise/free-sound/noise-free-sound-0062.wav	194178
backgrounds/noise/free-sound/noise-free-sound-0063.wav	200578
backgrounds/noise/free-sound/noise-free-sound-0064.wav	3204310
backgrounds/noise/free-sound/noise-free-sound-0065.wav	223254
backgrounds/noise/free-sound/noise-free-sound-0066.wav	1950242
backgrounds/noise/free-sound/noise-free-sound-0067.wav	1276492
backgrounds/noise/free-sound/noise-free-sound-0069.wav	82330
backgrounds/noise/free-sound/noise-free-sound-0070.wav	575412
backgrounds/noise/free-sound/noise-free-sound-0071.wav	300586
backgrounds/noise/free-sound/noise-free-sound-0072.wav	851966
backgrounds/noise/free-sound/noise-free-sound-0073.wav	3986238
backgrounds/noise/free-sound/noise-free-sound-0074.wav	551724
backgrounds/noise/free-sound/noise-free-sound-0075.wav	650004
backgrounds/noise/free-sound/noise-free-sound-0076.wav	2560044
backgrounds/noise/free-sound/noise-free-sound-0077.wav	375190
backgrounds/noise/free-sound/noise-free-sound-0078.wav	331904
backgrounds/noise/free-sound/noise-free-sound-0079.wav	192062
backgrounds/noise/free-sound/noise-free-sound-0082.wav	646564
backgrounds/noise/free-sound/noise-free-sound-0085.wav	149528
backgrounds/noise/free-sound/noise-free-sound-0086.wav	1653964
backgrounds/noise/free-sound/noise-free-sound-0087.wav	89644
backgrounds/noise/free-sound/noise-free-sound-0088.wav	1435778
backgrounds/noise/free-sound/noise-free-sound-0089.wav	443916
backgrounds/noise/free-sound/noise-free-sound-0091.wav	162032
backgrounds/noise/free-sound/noise-free-sound-0092.wav	482592
backgrounds/noise/free-sound/noise-free-sound-0093.wav	170200
backgrounds/noise/free-sound/noise-free-sound-0096.wav	249138
backgrounds/noise/free-sound/noise-free-sound-0097.wav	87626
backgrounds/noise/free-sound/noise-free-sound-0098.wav	88556
backgrounds/noise/free-sound/noise-free-sound-0099.wav	239874
backgrounds/noise/free-sound/noise-free-sound-0100.wav	234384
backgrounds/noise/free-sound/noise-free-sound-0101.wav	3612884
backgrounds/noise/free-sound/noise-free-sound-0102.wav	4595924
backgrounds/noise/free-sound/noise-free-sound-0103.wav	167666
backgrounds/noise/free-sound/noise-free-sound-0104.wav	508460
backgrounds/noise/free-sound/noise-free-sound-0105.wav	9805366
backgrounds/noise/free-sound/noise-free-sound-0108.wav	620726
backgrounds/noise/free-sound/noise-free-sound-0109.wav	1187304
backgrounds/noise/free-sound/noise-free-sound-0110.wav	1308626
backgrounds/noise/free-sound/noise-free-sound-0111.wav	526290
backgrounds/noise/free-sound/noise-free-sound-0112.wav	32506
backgrounds/noise/free-sound/noise-free-sound-0114.wav	3197798
backgrounds/noise/free-sound/noise-free-sound-0115.wav	82512
backgrounds/noise/free-sound/noise-free-sound-0116.wav	282308
backgrounds/noise/free-sound/noise-free-sound-0117.wav	1077078
backgrounds/noise/free-sound/noise-free-sound-0118.wav	557164
backgrounds/noise/free-sound/noise-free-sound-0119.wav	2263340
backgrounds/noise/free-sound/noise-free-sound-0120.wav	589946
backgrounds/noise/free-sound/noise-free-sound-0121.wav	1408044
backgrounds/noise/free-sound/noise-free-sound-0124.wav	160044
backgrounds/noise/free-sound/noise-free-sound-0125.wav	36044
backgrounds/noise/free-sound/noise-free-sound-0128.wav	129836
backgrounds/noise/free-sound/noise-free-sound-0129.wav	265450
backgrounds/noise/free-sound/noise-free-sound-0130.wav	1243890
backgrounds/noise/free-sound/noise-free-sound-0131.wav	1779160
backgrounds/noise/free-sound/noise-free-sound-0134.wav	80472
backgrounds/noise/free-sound/noise-free-sound-0135.wav	96190
backgrounds/noise/free-sound/noise-free-sound-0138.wav	104044
backgrounds/noise/free-sound/noise-free-sound-0139.wav	496514
backgrounds/noise/free-sound/noise-free-sound-0140.wav	792836
backgrounds/noise/free-sound/noise-free-sound-0141.wav	4322350
backgrounds/noise/free-sound/noise-free-sound-0142.wav	1248036
backgrounds/noise/free-sound/noise-free-sound-0143.wav	417422
backgrounds/noise/free-sound/noise-free-sound-0144.wav	817572
backgrounds/noise/free-sound/noise-free-sound-0145.wav	93234
backgrounds/noise/free-sound/noise-free-sound-0146.wav	66524
backgrounds/noise/free-sound/noise-free-sound-0147.wav	276310
backgrounds/noise/free-sound/noise-free-sound-0148.wav	70920
backgrounds/noise/free-sound/noise-free-sound-0149.wav	56422
backgrounds/noise/free-sound/noise-free-sound-0150.wav	14458
backgrounds/noise/free-sound/noise-free-sound-0151.wav	1720364
backgrounds/noise/free-sound/noise-free-sound-0152.wav	3109036
backgrounds/noise/free-sound/noise-free-sound-0153.wav	2308822
backgrounds/noise/free-sound/noise-free-sound-0154.wav	1998892
backgrounds/noise/free-sound/noise-free-sound-0155.wav	2325206
backgrounds/noise/free-sound/noise-free-sound-0156.wav	2886360
backgrounds/noise/free-sound/noise-free-sound-0157.wav	99030
backgrounds/noise/free-sound/noise-free-sound-0158.wav	2076332
backgrounds/noise/free-sound/noise-free-sound-0159.wav	166956
backgrounds/noise/free-sound/noise-free-sound-0160.wav	1098456
backgrounds/noise/free-sound/noise-free-sound-0161.wav	2447276
backgrounds/noise/free-sound/noise-free-sound-0162.wav	477910
backgrounds/noise/free-sound/noise-free-sound-0163.wav	11650
backgrounds/noise/free-sound/noise-free-sound-0164.wav	798764
backgrounds/noise/free-sound/noise-free-sound-0165.wav	1082840
backgrounds/noise/free-sound/noise-free-sound-0166.wav	24620
backgrounds/noise/free-sound/noise-free-sound-0167.wav	64216
backgrounds/noise/free-sound/noise-free-sound-0168.wav	43052
backgrounds/noise/free-sound/noise-free-sound-0169.wav	73772
backgrounds/noise/free-sound/noise-free-sound-0170.wav	169346
backgrounds/noise/free-sound/noise-free-sound-0171.wav	148182
backgrounds/noise/free-sound/noise-free-sound-0172.wav	1585782
backgrounds/noise/free-sound/noise-free-sound-0173.wav	3417708
backgrounds/noise/free-sound/noise-free-sound-0174.wav	291536
backgrounds/noise/free-sound/noise-free-sound-0175.wav	151046
backgrounds/noise/free-sound/noise-free-sound-0176.wav	95542
backgrounds/noise/free-sound/noise-free-sound-0177.wav	3415656
backgrounds/noise/free-sound/noise-free-sound-0178.wav	156352
backgrounds/noise/free-sound/noise-free-sound-0179.wav	90060
backgrounds/noise/free-sound/noise-free-sound-0180.wav	496540
backgrounds/noise/free-sound/noise-free-sound-0181.wav	153530
backgrounds/noise/free-sound/noise-free-sound-0182.wav	72116
backgrounds/noise/free-sound/noise-free-sound-0183.wav	258970
backgrounds/noise/free-sound/noise-free-sound-0184.wav	1037080
backgrounds/noise/free-sound/noise-free-sound-0185.wav	85462
backgrounds/noise/free-sound/noise-free-sound-0186.wav	90802
backgrounds/noise/free-sound/noise-free-sound-0187.wav	205582
backgrounds/noise/free-sound/noise-free-sound-0188.wav	305682
backgrounds/noise/free-sound/noise-free-sound-0189.wav	218930
backgrounds/noise/free-sound/noise-free-sound-0190.wav	196240
backgrounds/noise/free-sound/noise-free-sound-0191.wav	126838
backgrounds/noise/free-sound/noise-free-sound-0192.wav	213590
backgrounds/noise/free-sound/noise-free-sound-0193.wav	128172
backgrounds/noise/free-sound/noise-free-sound-0194.wav	252296
backgrounds/noise/free-sound/noise-free-sound-0195.wav	137514
backgrounds/noise/free-sound/noise-free-sound-0196.wav	116160
backgrounds/noise/free-sound/noise-free-sound-0197.wav	339050
backgrounds/noise/free-sound/noise-free-sound-0198.wav	292336
backgrounds/noise/free-sound/noise-free-sound-0199.wav	200244
backgrounds/noise/free-sound/noise-free-sound-0200.wav	280324
backgrounds/noise/free-sound/noise-free-sound-0201.wav	225602
backgrounds/noise/free-sound/noise-free-sound-0202.wav	337714
backgrounds/noise/free-sound/noise-free-sound-0203.wav	355066
backgrounds/noise/free-sound/noise-free-sound-0204.wav	204248
backgrounds/noise/free-sound/noise-free-sound-0205.wav	460504
backgrounds/noise/free-sound/noise-free-sound-0206.wav	74786
backgrounds/noise/free-sound/noise-free-sound-0207.wav	226938
backgrounds/noise/free-sound/noise-free-sound-0208.wav	206918
backgrounds/noise/free-sound/noise-free-sound-0209.wav	309686
backgrounds/noise/free-sound/noise-free-sound-0210.wav	181558
backgrounds/noise/free-sound/noise-free-sound-0211.wav	198910
backgrounds/noise/free-sound/noise-free-sound-0212.wav	305682
backgrounds/noise/free-sound/noise-free-sound-0213.wav	182894
backgrounds/noise/free-sound/noise-free-sound-0214.wav	264308
backgrounds/noise/free-sound/noise-free-sound-0215.wav	206044
backgrounds/noise/free-sound/noise-free-sound-0216.wav	1230726
backgrounds/noise/free-sound/noise-free-sound-0217.wav	154866
backgrounds/noise/free-sound/noise-free-sound-0218.wav	196240
backgrounds/noise/free-sound/noise-free-sound-0219.wav	210922
backgrounds/noise/free-sound/noise-free-sound-0220.wav	270982
backgrounds/noise/free-sound/noise-free-sound-0221.wav	349726
backgrounds/noise/free-sound/noise-free-sound-0222.wav	38750
backgrounds/noise/free-sound/noise-free-sound-0223.wav	114826
backgrounds/noise/free-sound/noise-free-sound-0224.wav	409786
backgrounds/noise/free-sound/noise-free-sound-0225.wav	398508
backgrounds/noise/free-sound/noise-free-sound-0226.wav	838358
backgrounds/noise/free-sound/noise-free-sound-0227.wav	997338
backgrounds/noise/free-sound/noise-free-sound-0228.wav	532802
backgrounds/noise/free-sound/noise-free-sound-0229.wav	170730
backgrounds/noise/free-sound/noise-free-sound-0230.wav	1330988
backgrounds/noise/free-sound/noise-free-sound-0231.wav	714628
backgrounds/noise/free-sound/noise-free-sound-0232.wav	1417294
backgrounds/noise/free-sound/noise-free-sound-0233.wav	1419228
backgrounds/noise/free-sound/noise-free-sound-0234.wav	2400594
backgrounds/noise/free-sound/noise-free-sound-0235.wav	6425098
backgrounds/noise/free-sound/noise-free-sound-0236.wav	178094
backgrounds/noise/free-sound/noise-free-sound-0237.wav	169736
backgrounds/noise/free-sound/noise-free-sound-0238.wav	446252
backgrounds/noise/free-sound/noise-free-sound-0239.wav	1200212
backgrounds/noise/free-sound/noise-free-sound-0243.wav	2880062
backgrounds/noise/free-sound/noise-free-sound-0244.wav	3802930
backgrounds/noise/free-sound/noise-free-sound-0246.wav	791234
backgrounds/noise/free-sound/noise-free-sound-0247.wav	2487550
backgrounds/noise/free-sound/noise-free-sound-0248.wav	1929732
backgrounds/noise/free-sound/noise-free-sound-0249.wav	1301952
backgrounds/noise/free-sound/noise-free-sound-0250.wav	275898
backgrounds/noise/free-sound/noise-free-sound-0252.wav	670450
backgrounds/noise/free-sound/noise-free-sound-0253.wav	31246
backgrounds/noise/free-sound/noise-free-sound-0257.wav	160044
backgrounds/noise/free-sound/noise-free-sound-0258.wav	824302
backgrounds/noise/free-sound/noise-free-sound-0259.wav	470666
backgrounds/noise/free-sound/noise-free-sound-0260.wav	460844
backgrounds/noise/free-sound/noise-free-sound-0261.wav	2816044
backgrounds/noise/free-sound/noise-free-sound-0262.wav	1121010
backgrounds/noise/free-sound/noise-free-sound-0263.wav	28982
backgrounds/noise/free-sound/noise-free-sound-0264.wav	948248
backgrounds/noise/free-sound/noise-free-sound-0265.wav	42686
backgrounds/noise/free-sound/noise-free-sound-0266.wav	1109632
backgrounds/noise/free-sound/noise-free-sound-0267.wav	1156490
backgrounds/noise/free-sound/noise-free-sound-0271.wav	950390
backgrounds/noise/free-sound/noise-free-sound-0272.wav	1313904
backgrounds/noise/free-sound/noise-free-sound-0273.wav	340630
backgrounds/noise/free-sound/noise-free-sound-0274.wav	127012
backgrounds/noise/free-sound/noise-free-sound-0275.wav	387116
backgrounds/noise/free-sound/noise-free-sound-0276.wav	91932
backgrounds/noise/free-sound/noise-free-sound-0277.wav	182608
backgrounds/noise/free-sound/noise-free-sound-0278.wav	1203188
backgrounds/noise/free-sound/noise-free-sound-0280.wav	1987348
backgrounds/noise/free-sound/noise-free-sound-0281.wav	3244
backgrounds/noise/free-sound/noise-free-sound-0284.wav	89196
backgrounds/noise/free-sound/noise-free-sound-0285.wav	131004
backgrounds/noise/free-sound/noise-free-sound-0287.wav	1941046
backgrounds/noise/free-sound/noise-free-sound-0288.wav	1910060
backgrounds/noise/free-sound/noise-free-sound-0289.wav	713074
backgrounds/noise/free-sound/noise-free-sound-0290.wav	1417772
backgrounds/noise/free-sound/noise-free-sound-0291.wav	290944
backgrounds/noise/free-sound/noise-free-sound-0293.wav	1377266
backgrounds/noise/free-sound/noise-free-sound-0294.wav	210844
backgrounds/noise/free-sound/noise-free-sound-0295.wav	220726
backgrounds/noise/free-sound/noise-free-sound-0298.wav	1024044
backgrounds/noise/free-sound/noise-free-sound-0299.wav	6848
backgrounds/noise/free-sound/noise-free-sound-0300.wav	195648
backgrounds/noise/free-sound/noise-free-sound-0301.wav	5790430
backgrounds/noise/free-sound/noise-free-sound-0302.wav	573296
backgrounds/noise/free-sound/noise-free-sound-0303.wav	262300
backgrounds/noise/free-sound/noise-free-sound-0304.wav	1985350
backgrounds/noise/free-sound/noise-free-sound-0305.wav	944044
backgrounds/noise/free-sound/noise-free-sound-0306.wav	784044
backgrounds/noise/free-sound/noise-free-sound-0307.wav	342572
backgrounds/noise/free-sound/noise-free-sound-0312.wav	48460
backgrounds/noise/free-sound/noise-free-sound-0313.wav	89244
backgrounds/noise/free-sound/noise-free-sound-0314.wav	19594
backgrounds/noise/free-sound/noise-free-sound-0315.wav	89126
backgrounds/noise/free-sound/noise-free-sound-0316.wav	356702
backgrounds/noise/free-sound/noise-free-sound-0317.wav	232264
backgrounds/noise/free-sound/noise-free-sound-0318.wav	13140
backgrounds/noise/free-sound/noise-free-sound-0322.wav	993116
backgrounds/noise/free-sound/noise-free-sound-0323.wav	343460
backgrounds/noise/free-sound/noise-free-sound-0324.wav	1158626
backgrounds/noise/free-sound/noise-free-sound-0326.wav	514524
backgrounds/noise/free-sound/noise-free-sound-0327.wav	165154
backgrounds/noise/free-sound/noise-free-sound-0328.wav	23026
backgrounds/noise/free-sound/noise-free-sound-0329.wav	310196
backgrounds/noise/free-sound/noise-free-sound-0330.wav	269766
backgrounds/noise/free-sound/noise-free-sound-0332.wav	116044
backgrounds/noise/free-sound/noise-free-sound-0333.wav	501596
backgrounds/noise/free-sound/noise-free-sound-0336.wav	1538692
backgrounds/noise/free-sound/noise-free-sound-0337.wav	45660
backgrounds/noise/free-sound/noise-free-sound-0338.wav	295724
backgrounds/noise/free-sound/noise-free-sound-0339.wav	650540
backgrounds/noise/free-sound/noise-free-sound-0340.wav	1077548
backgrounds/noise/free-sound/noise-free-sound-0341.wav	738344
backgrounds/noise/free-sound/noise-free-sound-0342.wav	441836
backgrounds/noise/free-sound/noise-free-sound-0343.wav	89952
backgrounds/noise/free-sound/noise-free-sound-0344.wav	657452
backgrounds/noise/free-sound/noise-free-sound-0345.wav	188922
backgrounds/noise/free-sound/noise-free-sound-0346.wav	593546
backgrounds/noise/free-sound/noise-free-sound-0347.wav	441010
backgrounds/noise/free-sound/noise-free-sound-0348.wav	1603694
backgrounds/noise/free-sound/noise-free-sound-0349.wav	32044
backgrounds/noise/free-sound/noise-free-sound-0350.wav	288044
backgrounds/noise/free-sound/noise-free-sound-0351.wav	159020
backgrounds/noise/free-sound/noise-free-sound-0352.wav	320044
backgrounds/noise/free-sound/noise-free-sound-0353.wav	835126
backgrounds/noise/free-sound/noise-free-sound-0354.wav	32042
backgrounds/noise/free-sound/noise-free-sound-0355.wav	469292
backgrounds/noise/free-sound/noise-free-sound-0356.wav	798764
backgrounds/noise/free-sound/noise-free-sound-0357.wav	261686
backgrounds/noise/free-sound/noise-free-sound-0358.wav	679924
backgrounds/noise/free-sound/noise-free-sound-0359.wav	585894
backgrounds/noise/free-sound/noise-free-sound-0360.wav	444644
backgrounds/noise/free-sound/noise-free-sound-0361.wav	247694
backgrounds/noise/free-sound/noise-free-sound-0362.wav	412044
backgrounds/noise/free-sound/noise-free-sound-0363.wav	151144
backgrounds/noise/free-sound/noise-free-sound-0364.wav	378926
backgrounds/noise/free-sound/noise-free-sound-0365.wav	321872
backgrounds/noise/free-sound/noise-free-sound-0366.wav	129612
backgrounds/noise/free-sound/noise-free-sound-0367.wav	33480
backgrounds/noise/free-sound/noise-free-sound-0368.wav	52706
backgrounds/noise/free-sound/noise-free-sound-0369.wav	129612
backgrounds/noise/free-sound/noise-free-sound-0370.wav	2312194
backgrounds/noise/free-sound/noise-free-sound-0371.wav	681004
backgrounds/noise/free-sound/noise-free-sound-0372.wav	732484
backgrounds/noise/free-sound/noise-free-sound-0373.wav	103552
backgrounds/noise/free-sound/noise-free-sound-0374.wav	23822
backgrounds/noise/free-sound/noise-free-sound-0375.wav	24044
backgrounds/noise/free-sound/noise-free-sound-0376.wav	162818
backgrounds/noise/free-sound/noise-free-sound-0377.wav	287600
backgrounds/noise/free-sound/noise-free-sound-0378.wav	713082
backgrounds/noise/free-sound/noise-free-sound-0379.wav	223702
backgrounds/noise/free-sound/noise-free-sound-0380.wav	4652
backgrounds/noise/free-sound/noise-free-sound-0381.wav	1416926
backgrounds/noise/free-sound/noise-free-sound-0382.wav	1937708
backgrounds/noise/free-sound/noise-free-sound-0383.wav	1052972
backgrounds/noise/free-sound/noise-free-sound-0384.wav	5702808
backgrounds/noise/free-sound/noise-free-sound-0385.wav	269112
backgrounds/noise/free-sound/noise-free-sound-0386.wav	855566
backgrounds/noise/free-sound/noise-free-sound-0387.wav	190772
backgrounds/noise/free-sound/noise-free-sound-0388.wav	140280
backgrounds/noise/free-sound/noise-free-sound-0389.wav	439388
backgrounds/noise/free-sound/noise-free-sound-0390.wav	504476
backgrounds/noise/free-sound/noise-free-sound-0391.wav	748556
backgrounds/noise/free-sound/noise-free-sound-0392.wav	423116
backgrounds/noise/free-sound/noise-free-sound-0393.wav	177258
backgrounds/noise/free-sound/noise-free-sound-0394.wav	759084
backgrounds/noise/free-sound/noise-free-sound-0395.wav	247476
backgrounds/noise/free-sound/noise-free-sound-0396.wav	313514
backgrounds/noise/free-sound/noise-free-sound-0397.wav	1450540
backgrounds/noise/free-sound/noise-free-sound-0398.wav	1436206
backgrounds/noise/free-sound/noise-free-sound-0399.wav	540924
backgrounds/noise/free-sound/noise-free-sound-0400.wav	475588
backgrounds/noise/free-sound/noise-free-sound-0401.wav	331294
backgrounds/noise/free-sound/noise-free-sound-0402.wav	949502
backgrounds/noise/free-sound/noise-free-sound-0403.wav	416332
backgrounds/noise/free-sound/noise-free-sound-0404.wav	609336
backgrounds/noise/free-sound/noise-free-sound-0405.wav	73864
backgrounds/noise/free-sound/noise-free-sound-0406.wav	634652
backgrounds/noise/free-sound/noise-free-sound-0407.wav	94746
backgrounds/noise/free-sound/noise-free-sound-0408.wav	480044
backgrounds/noise/free-sound/noise-free-sound-0409.wav	275842
backgrounds/noise/free-sound/noise-free-sound-0410.wav	37830
backgrounds/noise/free-sound/noise-free-sound-0411.wav	75646
backgrounds/noise/free-sound/noise-free-sound-0412.wav	84040
backgrounds/noise/free-sound/noise-free-sound-0413.wav	703888
backgrounds/noise/free-sound/noise-free-sound-0414.wav	908156
backgrounds/noise/free-sound/noise-free-sound-0415.wav	212012
backgrounds/noise/free-sound/noise-free-sound-0416.wav	479086
backgrounds/noise/free-sound/noise-free-sound-0417.wav	324898
backgrounds/noise/free-sound/noise-free-sound-0418.wav	1311908
backgrounds/noise/free-sound/noise-free-sound-0419.wav	383730
backgrounds/noise/free-sound/noise-free-sound-0420.wav	26330
backgrounds/noise/free-sound/noise-free-sound-0421.wav	107878
backgrounds/noise/free-sound/noise-free-sound-0422.wav	293250
backgrounds/noise/free-sound/noise-free-sound-0423.wav	392044
backgrounds/noise/free-sound/noise-free-sound-0424.wav	533360
backgrounds/noise/free-sound/noise-free-sound-0425.wav	45184
backgrounds/noise/free-sound/noise-free-sound-0426.wav	124596
backgrounds/noise/free-sound/noise-free-sound-0427.wav	703888
backgrounds/noise/free-sound/noise-free-sound-0428.wav	595960
backgrounds/noise/free-sound/noise-free-sound-0429.wav	768044
backgrounds/noise/free-sound/noise-free-sound-0430.wav	2150444
backgrounds/noise/free-sound/noise-free-sound-0431.wav	733980
backgrounds/noise/free-sound/noise-free-sound-0432.wav	712174
backgrounds/noise/free-sound/noise-free-sound-0433.wav	1351630
backgrounds/noise/free-sound/noise-free-sound-0434.wav	688940
backgrounds/noise/free-sound/noise-free-sound-0435.wav	168900
backgrounds/noise/free-sound/noise-free-sound-0436.wav	1638830
backgrounds/noise/free-sound/noise-free-sound-0437.wav	38124
backgrounds/noise/free-sound/noise-free-sound-0438.wav	240788
backgrounds/noise/free-sound/noise-free-sound-0439.wav	985246
backgrounds/noise/free-sound/noise-free-sound-0440.wav	134070
backgrounds/noise/free-sound/noise-free-sound-0441.wav	1458220
backgrounds/noise/free-sound/noise-free-sound-0442.wav	2434354
backgrounds/noise/free-sound/noise-free-sound-0444.wav	647974
backgrounds/noise/free-sound/noise-free-sound-0445.wav	588530
backgrounds/noise/free-sound/noise-free-sound-0448.wav	18412
backgrounds/noise/free-sound/noise-free-sound-0449.wav	151662
backgrounds/noise/free-sound/noise-free-sound-0450.wav	517526
backgrounds/noise/free-sound/noise-free-sound-0451.wav	1409324
backgrounds/noise/free-sound/noise-free-sound-0454.wav	1340364
backgrounds/noise/free-sound/noise-free-sound-0455.wav	5384668
backgrounds/noise/free-sound/noise-free-sound-0456.wav	926868
backgrounds/noise/free-sound/noise-free-sound-0458.wav	662622
backgrounds/noise/free-sound/noise-free-sound-0459.wav	1289866
backgrounds/noise/free-sound/noise-free-sound-0460.wav	419372
backgrounds/noise/free-sound/noise-free-sound-0461.wav	1706946
backgrounds/noise/free-sound/noise-free-sound-0462.wav	600484
backgrounds/noise/free-sound/noise-free-sound-0464.wav	258706
backgrounds/noise/free-sound/noise-free-sound-0465.wav	288280
backgrounds/noise/free-sound/noise-free-sound-0466.wav	446542
backgrounds/noise/free-sound/noise-free-sound-0467.wav	453606
backgrounds/noise/free-sound/noise-free-sound-0468.wav	740004
backgrounds/noise/free-sound/noise-free-sound-0469.wav	345020
backgrounds/noise/free-sound/noise-free-sound-0470.wav	152280
backgrounds/noise/free-sound/noise-free-sound-0471.wav	253328
backgrounds/noise/free-sound/noise-free-sound-0472.wav	3008044
backgrounds/noise/free-sound/noise-free-sound-0473.wav	291780
backgrounds/noise/free-sound/noise-free-sound-0474.wav	1149964
backgrounds/noise/free-sound/noise-free-sound-0475.wav	1163642
backgrounds/noise/free-sound/noise-free-sound-0476.wav	305990
backgrounds/noise/free-sound/noise-free-sound-0478.wav	272668
backgrounds/noise/free-sound/noise-free-sound-0479.wav	118944
backgrounds/noise/free-sound/noise-free-sound-0482.wav	433050
backgrounds/noise/free-sound/noise-free-sound-0483.wav	723114
backgrounds/noise/free-sound/noise-free-sound-0486.wav	205158
backgrounds/noise/free-sound/noise-free-sound-0487.wav	61810
backgrounds/noise/free-sound/noise-free-sound-0489.wav	2011606
backgrounds/noise/free-sound/noise-free-sound-0492.wav	640044
backgrounds/noise/free-sound/noise-free-sound-0493.wav	448932
backgrounds/noise/free-sound/noise-free-sound-0495.wav	582658
backgrounds/noise/free-sound/noise-free-sound-0496.wav	191188
backgrounds/noise/free-sound/noise-free-sound-0497.wav	9664044
backgrounds/noise/free-sound/noise-free-sound-0498.wav	160044
backgrounds/noise/free-sound/noise-free-sound-0499.wav	252492
backgrounds/noise/free-sound/noise-free-sound-0500.wav	1100040
backgrounds/noise/free-sound/noise-free-sound-0501.wav	384298
backgrounds/noise/free-sound/noise-free-sound-0502.wav	2342444
backgrounds/noise/free-sound/noise-free-sound-0503.wav	162118
backgrounds/noise/free-sound/noise-free-sound-0504.wav	1856154
backgrounds/noise/free-sound/noise-free-sound-0505.wav	300008
backgrounds/noise/free-sound/noise-free-sound-0506.wav	786644
backgrounds/noise/free-sound/noise-free-sound-0507.wav	35882
backgrounds/noise/free-sound/noise-free-sound-0508.wav	234280
backgrounds/noise/free-sound/noise-free-sound-0509.wav	345556
backgrounds/noise/free-sound/noise-free-sound-0510.wav	635088
backgrounds/noise/free-sound/noise-free-sound-0511.wav	128044
backgrounds/noise/free-sound/noise-free-sound-0512.wav	121252
backgrounds/noise/free-sound/noise-free-sound-0513.wav	345278
backgrounds/noise/free-sound/noise-free-sound-0514.wav	170572
backgrounds/noise/free-sound/noise-free-sound-0515.wav	130448
backgrounds/noise/free-sound/noise-free-sound-0516.wav	35218
backgrounds/noise/free-sound/noise-free-sound-0517.wav	318828
backgrounds/noise/free-sound/noise-free-sound-0518.wav	601070
backgrounds/noise/free-sound/noise-free-sound-0519.wav	1075036
backgrounds/noise/free-sound/noise-free-sound-0520.wav	400044
backgrounds/noise/free-sound/noise-free-sound-0521.wav	224070
backgrounds/noise/free-sound/noise-free-sound-0522.wav	2537174
backgrounds/noise/free-sound/noise-free-sound-0525.wav	30710
backgrounds/noise/free-sound/noise-free-sound-0528.wav	98276
backgrounds/noise/free-sound/noise-free-sound-0529.wav	59546
backgrounds/noise/free-sound/noise-free-sound-0530.wav	248278
backgrounds/noise/free-sound/noise-free-sound-0531.wav	1495686
backgrounds/noise/free-sound/noise-free-sound-0534.wav	559328
backgrounds/noise/free-sound/noise-free-sound-0535.wav	580448
backgrounds/noise/free-sound/noise-free-sound-0536.wav	22212
backgrounds/noise/free-sound/noise-free-sound-0538.wav	18406
backgrounds/noise/free-sound/noise-free-sound-0539.wav	48528
backgrounds/noise/free-sound/noise-free-sound-0540.wav	96174
backgrounds/noise/free-sound/noise-free-sound-0541.wav	524164
backgrounds/noise/free-sound/noise-free-sound-0542.wav	263212
backgrounds/noise/free-sound/noise-free-sound-0543.wav	139436
backgrounds/noise/free-sound/noise-free-sound-0544.wav	3426092
backgrounds/noise/free-sound/noise-free-sound-0545.wav	994388
backgrounds/noise/free-sound/noise-free-sound-0546.wav	3764014
backgrounds/noise/free-sound/noise-free-sound-0547.wav	155208
backgrounds/noise/free-sound/noise-free-sound-0548.wav	262522
backgrounds/noise/free-sound/noise-free-sound-0549.wav	186668
backgrounds/noise/free-sound/noise-free-sound-0550.wav	204008
backgrounds/noise/free-sound/noise-free-sound-0551.wav	1061972
backgrounds/noise/free-sound/noise-free-sound-0552.wav	2487596
backgrounds/noise/free-sound/noise-free-sound-0553.wav	525836
backgrounds/noise/free-sound/noise-free-sound-0554.wav	25122
backgrounds/noise/free-sound/noise-free-sound-0555.wav	690512
backgrounds/noise/free-sound/noise-free-sound-0556.wav	637014
backgrounds/noise/free-sound/noise-free-sound-0557.wav	291780
backgrounds/noise/free-sound/noise-free-sound-0558.wav	268388
backgrounds/noise/free-sound/noise-free-sound-0559.wav	454592
backgrounds/noise/free-sound/noise-free-sound-0560.wav	8625452
backgrounds/noise/free-sound/noise-free-sound-0561.wav	37660
backgrounds/noise/free-sound/noise-free-sound-0562.wav	290108
backgrounds/noise/free-sound/noise-free-sound-0563.wav	778664
backgrounds/noise/free-sound/noise-free-sound-0564.wav	3358
backgrounds/noise/free-sound/noise-free-sound-0565.wav	237784
backgrounds/noise/free-sound/noise-free-sound-0566.wav	198070
backgrounds/noise/free-sound/noise-free-sound-0567.wav	3164204
backgrounds/noise/free-sound/noise-free-sound-0568.wav	3636474
backgrounds/noise/free-sound/noise-free-sound-0569.wav	122924
backgrounds/noise/free-sound/noise-free-sound-0570.wav	204008
backgrounds/noise/free-sound/noise-free-sound-0571.wav	228250
backgrounds/noise/free-sound/noise-free-sound-0572.wav	3949758
backgrounds/noise/free-sound/noise-free-sound-0573.wav	12556
backgrounds/noise/free-sound/noise-free-sound-0574.wav	667106
backgrounds/noise/free-sound/noise-free-sound-0575.wav	212368
backgrounds/noise/free-sound/noise-free-sound-0576.wav	119488
backgrounds/noise/free-sound/noise-free-sound-0577.wav	430542
backgrounds/noise/free-sound/noise-free-sound-0578.wav	619460
backgrounds/noise/free-sound/noise-free-sound-0579.wav	552558
backgrounds/noise/free-sound/noise-free-sound-0580.wav	4341804
backgrounds/noise/free-sound/noise-free-sound-0581.wav	1647606
backgrounds/noise/free-sound/noise-free-sound-0582.wav	47226
backgrounds/noise/free-sound/noise-free-sound-0583.wav	65444
backgrounds/noise/free-sound/noise-free-sound-0584.wav	504810
backgrounds/noise/free-sound/noise-free-sound-0585.wav	29766
backgrounds/noise/free-sound/noise-free-sound-0586.wav	346710
backgrounds/noise/free-sound/noise-free-sound-0587.wav	195970
backgrounds/noise/free-sound/noise-free-sound-0588.wav	185730
backgrounds/noise/free-sound/noise-free-sound-0589.wav	71932
backgrounds/noise/free-sound/noise-free-sound-0590.wav	121252
backgrounds/noise/free-sound/noise-free-sound-0591.wav	392264
backgrounds/noise/free-sound/noise-free-sound-0592.wav	1052048
backgrounds/noise/free-sound/noise-free-sound-0593.wav	1972812
backgrounds/noise/free-sound/noise-free-sound-0594.wav	4517718
backgrounds/noise/free-sound/noise-free-sound-0595.wav	860800
backgrounds/noise/free-sound/noise-free-sound-0596.wav	426900
backgrounds/noise/free-sound/noise-free-sound-0597.wav	199828
backgrounds/noise/free-sound/noise-free-sound-0598.wav	1853488
backgrounds/noise/free-sound/noise-free-sound-0599.wav	122924
backgrounds/noise/free-sound/noise-free-sound-0600.wav	1452684
backgrounds/noise/free-sound/noise-free-sound-0601.wav	135720
backgrounds/noise/free-sound/noise-free-sound-0602.wav	132044
backgrounds/noise/free-sound/noise-free-sound-0603.wav	236014
backgrounds/noise/free-sound/noise-free-sound-0604.wav	235504
backgrounds/noise/free-sound/noise-free-sound-0605.wav	1024044
backgrounds/noise/free-sound/noise-free-sound-0606.wav	2842924
backgrounds/noise/free-sound/noise-free-sound-0607.wav	640358
backgrounds/noise/free-sound/noise-free-sound-0608.wav	112892
backgrounds/noise/free-sound/noise-free-sound-0609.wav	325216
backgrounds/noise/free-sound/noise-free-sound-0610.wav	357818
backgrounds/noise/free-sound/noise-free-sound-0611.wav	4108
backgrounds/noise/free-sound/noise-free-sound-0612.wav	353638
backgrounds/noise/free-sound/noise-free-sound-0613.wav	913702
backgrounds/noise/free-sound/noise-free-sound-0614.wav	960044
backgrounds/noise/free-sound/noise-free-sound-0615.wav	322696
backgrounds/noise/free-sound/noise-free-sound-0616.wav	724786
backgrounds/noise/free-sound/noise-free-sound-0617.wav	262530
backgrounds/noise/free-sound/noise-free-sound-0618.wav	96702
backgrounds/noise/free-sound/noise-free-sound-0619.wav	17498
backgrounds/noise/free-sound/noise-free-sound-0620.wav	370170
backgrounds/noise/free-sound/noise-free-sound-0621.wav	215224
backgrounds/noise/free-sound/noise-free-sound-0622.wav	383730
backgrounds/noise/free-sound/noise-free-sound-0623.wav	1118502
backgrounds/noise/free-sound/noise-free-sound-0624.wav	3372
backgrounds/noise/free-sound/noise-free-sound-0625.wav	666270
backgrounds/noise/free-sound/noise-free-sound-0626.wav	42398
backgrounds/noise/free-sound/noise-free-sound-0627.wav	10076
backgrounds/noise/free-sound/noise-free-sound-0628.wav	928750
backgrounds/noise/free-sound/noise-free-sound-0629.wav	112044
backgrounds/noise/free-sound/noise-free-sound-0630.wav	99518
backgrounds/noise/free-sound/noise-free-sound-0631.wav	179244
backgrounds/noise/free-sound/noise-free-sound-0632.wav	82220
backgrounds/noise/free-sound/noise-free-sound-0633.wav	584768
backgrounds/noise/free-sound/noise-free-sound-0634.wav	2048044
backgrounds/noise/free-sound/noise-free-sound-0635.wav	540076
backgrounds/noise/free-sound/noise-free-sound-0636.wav	1004818
backgrounds/noise/free-sound/noise-free-sound-0637.wav	469938
backgrounds/noise/free-sound/noise-free-sound-0638.wav	179010
backgrounds/noise/free-sound/noise-free-sound-0639.wav	198564
backgrounds/noise/free-sound/noise-free-sound-0640.wav	1049122
backgrounds/noise/free-sound/noise-free-sound-0642.wav	143822
backgrounds/noise/free-sound/noise-free-sound-0643.wav	89140
backgrounds/noise/free-sound/noise-free-sound-0646.wav	1146060
backgrounds/noise/free-sound/noise-free-sound-0647.wav	1923352
backgrounds/noise/free-sound/noise-free-sound-0648.wav	393260
backgrounds/noise/free-sound/noise-free-sound-0652.wav	182420
backgrounds/noise/free-sound/noise-free-sound-0653.wav	932044
backgrounds/noise/free-sound/noise-free-sound-0656.wav	156360
backgrounds/noise/free-sound/noise-free-sound-0657.wav	309390
backgrounds/noise/free-sound/noise-free-sound-0658.wav	608044
backgrounds/noise/free-sound/noise-free-sound-0659.wav	356018
backgrounds/noise/free-sound/noise-free-sound-0662.wav	45184
backgrounds/noise/free-sound/noise-free-sound-0663.wav	939386
backgrounds/noise/free-sound/noise-free-sound-0664.wav	500760
backgrounds/noise/free-sound/noise-free-sound-0665.wav	552586
backgrounds/noise/free-sound/noise-free-sound-0666.wav	437984
backgrounds/noise/free-sound/noise-free-sound-0667.wav	440358
backgrounds/noise/free-sound/noise-free-sound-0670.wav	152366
backgrounds/noise/free-sound/noise-free-sound-0671.wav	2246156
backgrounds/noise/free-sound/noise-free-sound-0672.wav	201500
backgrounds/noise/free-sound/noise-free-sound-0673.wav	122598
backgrounds/noise/free-sound/noise-free-sound-0676.wav	69262
backgrounds/noise/free-sound/noise-free-sound-0677.wav	3448364
backgrounds/noise/free-sound/noise-free-sound-0680.wav	466220
backgrounds/noise/free-sound/noise-free-sound-0681.wav	3094614
backgrounds/noise/free-sound/noise-free-sound-0684.wav	4448244
backgrounds/noise/free-sound/noise-free-sound-0685.wav	1404158
backgrounds/noise/free-sound/noise-free-sound-0688.wav	616116
backgrounds/noise/free-sound/noise-free-sound-0689.wav	33644
backgrounds/noise/free-sound/noise-free-sound-0690.wav	166614
backgrounds/noise/free-sound/noise-free-sound-0691.wav	322262
backgrounds/noise/free-sound/noise-free-sound-0694.wav	635132
backgrounds/noise/free-sound/noise-free-sound-0695.wav	301606
backgrounds/noise/free-sound/noise-free-sound-0698.wav	2437448
backgrounds/noise/free-sound/noise-free-sound-0699.wav	3824370
backgrounds/noise/free-sound/noise-free-sound-0700.wav	1313324
backgrounds/noise/free-sound/noise-free-sound-0701.wav	193888
backgrounds/noise/free-sound/noise-free-sound-0702.wav	698036
backgrounds/noise/free-sound/noise-free-sound-0703.wav	262222
backgrounds/noise/free-sound/noise-free-sound-0704.wav	645164
backgrounds/noise/free-sound/noise-free-sound-0705.wav	362626
backgrounds/noise/free-sound/noise-free-sound-0706.wav	905344
backgrounds/noise/free-sound/noise-free-sound-0707.wav	1282342
backgrounds/noise/free-sound/noise-free-sound-0708.wav	2017950
backgrounds/noise/free-sound/noise-free-sound-0710.wav	1463738
backgrounds/noise/free-sound/noise-free-sound-0711.wav	12610
backgrounds/noise/free-sound/noise-free-sound-0712.wav	91160
backgrounds/noise/free-sound/noise-free-sound-0713.wav	54378
backgrounds/noise/free-sound/noise-free-sound-0714.wav	35988
backgrounds/noise/free-sound/noise-free-sound-0715.wav	1921820
backgrounds/noise/free-sound/noise-free-sound-0716.wav	20012
backgrounds/noise/free-sound/noise-free-sound-0717.wav	191470
backgrounds/noise/free-sound/noise-free-sound-0720.wav	343606
backgrounds/noise/free-sound/noise-free-sound-0722.wav	248684
backgrounds/noise/free-sound/noise-free-sound-0723.wav	2871144
backgrounds/noise/free-sound/noise-free-sound-0727.wav	928748
backgrounds/noise/free-sound/noise-free-sound-0728.wav	3962924
backgrounds/noise/free-sound/noise-free-sound-0729.wav	5988564
backgrounds/noise/free-sound/noise-free-sound-0733.wav	1022372
backgrounds/noise/free-sound/noise-free-sound-0734.wav	677138
backgrounds/noise/free-sound/noise-free-sound-0736.wav	29466
backgrounds/noise/free-sound/noise-free-sound-0737.wav	155146
backgrounds/noise/free-sound/noise-free-sound-0738.wav	892804
backgrounds/noise/free-sound/noise-free-sound-0739.wav	615212
backgrounds/noise/free-sound/noise-free-sound-0740.wav	2050330
backgrounds/noise/free-sound/noise-free-sound-0741.wav	598316
backgrounds/noise/free-sound/noise-free-sound-0742.wav	721442
backgrounds/noise/free-sound/noise-free-sound-0743.wav	1406894
backgrounds/noise/free-sound/noise-free-sound-0744.wav	33480
backgrounds/noise/free-sound/noise-free-sound-0745.wav	151510
backgrounds/noise/free-sound/noise-free-sound-0746.wav	7308
backgrounds/noise/free-sound/noise-free-sound-0747.wav	557602
backgrounds/noise/free-sound/noise-free-sound-0748.wav	180524
backgrounds/noise/free-sound/noise-free-sound-0749.wav	32044
backgrounds/noise/free-sound/noise-free-sound-0750.wav	174750
backgrounds/noise/free-sound/noise-free-sound-0751.wav	46328
backgrounds/noise/free-sound/noise-free-sound-0752.wav	1075510
backgrounds/noise/free-sound/noise-free-sound-0753.wav	790316
backgrounds/noise/free-sound/noise-free-sound-0754.wav	2583188
backgrounds/noise/free-sound/noise-free-sound-0755.wav	461470
backgrounds/noise/free-sound/noise-free-sound-0756.wav	133124
backgrounds/noise/free-sound/noise-free-sound-0757.wav	440572
backgrounds/noise/free-sound/noise-free-sound-0758.wav	404664
backgrounds/noise/free-sound/noise-free-sound-0759.wav	87448
backgrounds/noise/free-sound/noise-free-sound-0760.wav	19990
backgrounds/noise/free-sound/noise-free-sound-0761.wav	1036814
backgrounds/noise/free-sound/noise-free-sound-0762.wav	409644
backgrounds/noise/free-sound/noise-free-sound-0763.wav	655776
backgrounds/noise/free-sound/noise-free-sound-0764.wav	2110
backgrounds/noise/free-sound/noise-free-sound-0765.wav	6532
backgrounds/noise/free-sound/noise-free-sound-0766.wav	880
backgrounds/noise/free-sound/noise-free-sound-0767.wav	948478
backgrounds/noise/free-sound/noise-free-sound-0768.wav	13578
backgrounds/noise/free-sound/noise-free-sound-0769.wav	824416
backgrounds/noise/free-sound/noise-free-sound-0770.wav	1778042
backgrounds/noise/free-sound/noise-free-sound-0771.wav	101098
backgrounds/noise/free-sound/noise-free-sound-0772.wav	148958
backgrounds/noise/free-sound/noise-free-sound-0773.wav	289496
backgrounds/noise/free-sound/noise-free-sound-0774.wav	100754
backgrounds/noise/free-sound/noise-free-sound-0775.wav	944370
backgrounds/noise/free-sound/noise-free-sound-0776.wav	501224
backgrounds/noise/free-sound/noise-free-sound-0777.wav	221562
backgrounds/noise/free-sound/noise-free-sound-0778.wav	584406
backgrounds/noise/free-sound/noise-free-sound-0779.wav	400448
backgrounds/noise/free-sound/noise-free-sound-0780.wav	968874
backgrounds/noise/free-sound/noise-free-sound-0781.wav	1943086
backgrounds/noise/free-sound/noise-free-sound-0782.wav	316802
backgrounds/noise/free-sound/noise-free-sound-0783.wav	275712
backgrounds/noise/free-sound/noise-free-sound-0784.wav	1145774
backgrounds/noise/free-sound/noise-free-sound-0785.wav	861480
backgrounds/noise/free-sound/noise-free-sound-0786.wav	633644
backgrounds/noise/free-sound/noise-free-sound-0787.wav	1119574
backgrounds/noise/free-sound/noise-free-sound-0788.wav	1115942
backgrounds/noise/free-sound/noise-free-sound-0789.wav	283292
backgrounds/noise/free-sound/noise-free-sound-0790.wav	516464
backgrounds/noise/free-sound/noise-free-sound-0791.wav	288044
backgrounds/noise/free-sound/noise-free-sound-0792.wav	1330826
backgrounds/noise/free-sound/noise-free-sound-0793.wav	301810
backgrounds/noise/free-sound/noise-free-sound-0794.wav	141936
backgrounds/noise/free-sound/noise-free-sound-0795.wav	1466096
backgrounds/noise/free-sound/noise-free-sound-0796.wav	327724
backgrounds/noise/free-sound/noise-free-sound-0797.wav	524332
backgrounds/noise/free-sound/noise-free-sound-0798.wav	415106
backgrounds/noise/free-sound/noise-free-sound-0799.wav	180266
backgrounds/noise/free-sound/noise-free-sound-0800.wav	307244
backgrounds/noise/free-sound/noise-free-sound-0801.wav	192388
backgrounds/noise/free-sound/noise-free-sound-0802.wav	164028
backgrounds/noise/free-sound/noise-free-sound-0803.wav	448932
backgrounds/noise/free-sound/noise-free-sound-0804.wav	1910396
backgrounds/noise/free-sound/noise-free-sound-0805.wav	485164
backgrounds/noise/free-sound/noise-free-sound-0806.wav	377044
backgrounds/noise/free-sound/noise-free-sound-0807.wav	131284
backgrounds/noise/free-sound/noise-free-sound-0808.wav	54378
backgrounds/noise/free-sound/noise-free-sound-0809.wav	804198
backgrounds/noise/free-sound/noise-free-sound-0810.wav	128312
backgrounds/noise/free-sound/noise-free-sound-0811.wav	255278
backgrounds/noise/free-sound/noise-free-sound-0812.wav	390380
backgrounds/noise/free-sound/noise-free-sound-0813.wav	2521702
backgrounds/noise/free-sound/noise-free-sound-0814.wav	501216
backgrounds/noise/free-sound/noise-free-sound-0815.wav	79142
backgrounds/noise/free-sound/noise-free-sound-0816.wav	42432
backgrounds/noise/free-sound/noise-free-sound-0817.wav	51638
backgrounds/noise/free-sound/noise-free-sound-0818.wav	1845752
backgrounds/noise/free-sound/noise-free-sound-0819.wav	3516982
backgrounds/noise/free-sound/noise-free-sound-0820.wav	590472
backgrounds/noise/free-sound/noise-free-sound-0821.wav	107042
backgrounds/noise/free-sound/noise-free-sound-0822.wav	159704
backgrounds/noise/free-sound/noise-free-sound-0823.wav	88016
backgrounds/noise/free-sound/noise-free-sound-0824.wav	1059988
backgrounds/noise/free-sound/noise-free-sound-0825.wav	85598
backgrounds/noise/free-sound/noise-free-sound-0826.wav	357860
backgrounds/noise/free-sound/noise-free-sound-0827.wav	17580
backgrounds/noise/free-sound/noise-free-sound-0828.wav	1922656
backgrounds/noise/free-sound/noise-free-sound-0829.wav	216058
backgrounds/noise/free-sound/noise-free-sound-0830.wav	30706
backgrounds/noise/free-sound/noise-free-sound-0831.wav	366176
backgrounds/noise/free-sound/noise-free-sound-0832.wav	478190
backgrounds/noise/free-sound/noise-free-sound-0833.wav	159204
backgrounds/noise/free-sound/noise-free-sound-0834.wav	546178
backgrounds/noise/free-sound/noise-free-sound-0835.wav	161694
backgrounds/noise/free-sound/noise-free-sound-0836.wav	2076716
backgrounds/noise/free-sound/noise-free-sound-0837.wav	436950
backgrounds/noise/free-sound/noise-free-sound-0838.wav	32138
backgrounds/noise/free-sound/noise-free-sound-0839.wav	68590
backgrounds/noise/free-sound/noise-free-sound-0840.wav	2246156
backgrounds/noise/free-sound/noise-free-sound-0841.wav	2880044
backgrounds/noise/sound-bible/noise-sound-bible-0000.wav	216042
backgrounds/noise/sound-bible/noise-sound-bible-0001.wav	66060
backgrounds/noise/sound-bible/noise-sound-bible-0002.wav	33452
backgrounds/noise/sound-bible/noise-sound-bible-0003.wav	209860
backgrounds/noise/sound-bible/noise-sound-bible-0004.wav	353612
backgrounds/noise/sound-bible/noise-sound-bible-0005.wav	397100
backgrounds/noise/sound-bible/noise-sound-bible-0006.wav	24620
backgrounds/noise/sound-bible/noise-sound-bible-0007.wav	673964
backgrounds/noise/sound-bible/noise-sound-bible-0010.wav	239948
backgrounds/noise/sound-bible/noise-sound-bible-0011.wav	163020
backgrounds/noise/sound-bible/noise-sound-bible-0012.wav	100332
backgrounds/noise/sound-bible/noise-sound-bible-0013.wav	163884
backgrounds/noise/sound-bible/noise-sound-bible-0014.wav	880236
backgrounds/noise/sound-bible/noise-sound-bible-0015.wav	711404
backgrounds/noise/sound-bible/noise-sound-bible-0016.wav	224876
backgrounds/noise/sound-bible/noise-sound-bible-0017.wav	103698
backgrounds/noise/sound-bible/noise-sound-bible-0024.wav	78604
backgrounds/noise/sound-bible/noise-sound-bible-0026.wav	20940
backgrounds/noise/sound-bible/noise-sound-bible-0027.wav	96172
backgrounds/noise/sound-bible/noise-sound-bible-0028.wav	403788
backgrounds/noise/sound-bible/noise-sound-bible-0029.wav	96174
backgrounds/noise/sound-bible/noise-sound-bible-0030.wav	476492
backgrounds/noise/sound-bible/noise-sound-bible-0032.wav	804908
backgrounds/noise/sound-bible/noise-sound-bible-0033.wav	214028
backgrounds/noise/sound-bible/noise-sound-bible-0038.wav	519980
backgrounds/noise/sound-bible/noise-sound-bible-0039.wav	129580
backgrounds/noise/sound-bible/noise-sound-bible-0048.wav	2004576
backgrounds/noise/sound-bible/noise-sound-bible-0049.wav	1579094
backgrounds/noise/sound-bible/noise-sound-bible-0058.wav	42668
backgrounds/noise/sound-bible/noise-sound-bible-0059.wav	1584940
backgrounds/noise/sound-bible/noise-sound-bible-0060.wav	1444492
backgrounds/noise/sound-bible/noise-sound-bible-0061.wav	622892
backgrounds/noise/sound-bible/noise-sound-bible-0062.wav	509100
backgrounds/noise/sound-bible/noise-sound-bible-0063.wav	460636
backgrounds/noise/sound-bible/noise-sound-bible-0064.wav	91148
backgrounds/noise/sound-bible/noise-sound-bible-0065.wav	231564
backgrounds/noise/sound-bible/noise-sound-bible-0066.wav	86956
backgrounds/noise/sound-bible/noise-sound-bible-0067.wav	887790
backgrounds/noise/sound-bible/noise-sound-bible-0070.wav	66060
backgrounds/noise/sound-bible/noise-sound-bible-0071.wav	129612
backgrounds/noise/sound-bible/noise-sound-bible-0072.wav	154668
backgrounds/noise/sound-bible/noise-sound-bible-0073.wav	252716
backgrounds/noise/sound-bible/noise-sound-bible-0074.wav	66060
backgrounds/noise/sound-bible/noise-sound-bible-0075.wav	1045772
backgrounds/noise/sound-bible/noise-sound-bible-0076.wav	1846572
backgrounds/noise/sound-bible/noise-sound-bible-0077.wav	164716
rirs/16khz/h001_Bedroom_65txts.wav	23316
rirs/16khz/h002_Bedroom_62txts.wav	26118
rirs/16khz/h003_Office_LargeBrickWalledOpenPlanOffice_56txts.wav	8580
rirs/16khz/h004_LivingRoom_Large_48txts.wav	35858
rirs/16khz/h005_Office_Small_44txts.wav	22706
rirs/16khz/h006_Bedroom_42txts.wav	17408
rirs/16khz/h007_Bathroom_Small_41txts.wav	58320
rirs/16khz/h008_Bedroom_35txts.wav	21908
rirs/16khz/h009_Office_32txts.wav	20616
rirs/16khz/h010_Livingroom_31txts.wav	14262
rirs/16khz/h011_Car_29txts.wav	14616
rirs/16khz/h012_Kitchen_22txts.wav	30708
rirs/16khz/h013_Hospital_ExaminationRoom_19txts.wav	29664
rirs/16khz/h014_HomeExerciseRoom_18txts.wav	27906
rirs/16khz/h015_Bedroom_174txts.wav	29328
rirs/16khz/h016_MasterBedroom_15txts.wav	46160
rirs/16khz/h017_Livingroom_152txts.wav	20682
rirs/16khz/h018_Kitchen_12txts.wav	19406
rirs/16khz/h019_MITCampus_Atrium_1txts.wav	47304
rirs/16khz/h020_Livingroom_10txts.wav	17106
rirs/16khz/h021_Bedroom_102txts.wav	27528
rirs/16khz/h022_Office_Foyer_9txts.wav	14462
rirs/16khz/h023_Bedroom_9txts.wav	12750
rirs/16khz/h024_Bathroom_9txts.wav	46248
rirs/16khz/h025_Diningroom_8txts.wav	62114
rirs/16khz/h026_Gym_8txts.wav	85350
rirs/16khz/h027_Classroom_8txts.wav	28790
rirs/16khz/h028_Classroom_8txts.wav	53394
rirs/16khz/h029_BabysRoom_8txts.wav	33210
rirs/16khz/h030_Campground_AFrameCabin_8txts.wav	20952
rirs/16khz/h031_Bedroom_7txts.wav	34898
rirs/16khz/h032_Bedroom_6txts.wav	42486
rirs/16khz/h033_Classroom_6txts.wav	29910
rirs/16khz/h034_Classroom_6txts.wav	63224
rirs/16khz/h035_Bar_LargeSportsBar_5txts.wav	24690
rirs/16khz/h036_Bathroom_5txts.wav	95214
rirs/16khz/h037_Classroom_5txts.wav	15528
rirs/16khz/h038_2ndFloorBalconyOfWoodenHouse_5txts.wav	7070
rirs/16khz/h039_Classroom_5txts.wav	36140
rirs/16khz/h040_Clasroom_5txts.wav	46242
rirs/16khz/h041_TrainStation_SouthStationBoston_4txts.wav	96038
rirs/16khz/h042_Hallway_ElementarySchool_4txts.wav	95772
rirs/16khz/h043_Train_BostonTRedLine_4txts.wav	95232
rirs/16khz/h044_ParkingLot_4txts.wav	67992
rirs/16khz/h045_Livingroom_4txts.wav	32456
rirs/16khz/h046_SuburbanGarage_4txts.wav	70566
rirs/16khz/h047_Hallway_MIT_4txts.wav	57822
rirs/16khz/h048_Bathroom_MITCampus_3txts.wav	58394
rirs/16khz/h049_MallFoodCourt_BurlingtonMall_3txts.wav	95708
rirs/16khz/h050_Bar_IrishPub_3txts.wav	17408
rirs/16khz/h051_SuperMarket_3txts.wav	28434
rirs/16khz/h052_Gym_WeightRoom_3txts.wav	65744
rirs/16khz/h053_Office_ConferenceRoom_stxts.wav	26810
rirs/16khz/h054_Kitchen_3txts.wav	33774
rirs/16khz/h055_Hallway_House_3txts.wav	48686
rirs/16khz/h056_Outside_HarvardBridgeBetweenCambridgeAndBoston_3txts.wav	6590
rirs/16khz/h057_Outside_SuburbanDriveway_3txts.wav	8822
rirs/16khz/h058_Campground_Dininghall_3txts.wav	44882
rirs/16khz/h059_Outside_StreetsOfCambridge_3txts.wav	9300
rirs/16khz/h060_Office_ConferenceRoom_3txts.wav	75254
rirs/16khz/h061_Car_3txts.wav	25974
rirs/16khz/h062_Campground_Dininghall_3txts.wav	31502
rirs/16khz/h063_Cafeteria_3txts.wav	32240
rirs/16khz/h064_Classroom_3txts.wav	26858
rirs/16khz/h065_Classroom_3txts.wav	51344
rirs/16khz/h066_MITCampus_StudentLounge_2txts.wav	52010
rirs/16khz/h067_Bar_2txts.wav	25266
rirs/16khz/h068_SwimmingPool_2txts.wav	35948
rirs/16khz/h069_Supermarket_2txts.wav	27864
rirs/16khz/h070_Outdoor_MITBrickAmpitheater_2txts.wav	5690
rirs/16khz/h071_Shower_2txts.wav	11042
rirs/16khz/h072_Bar_2txts.wav	14412
rirs/16khz/h073_MITCampus_StudentLounge_2txts.wav	61238
rirs/16khz/h074_Outside_StreetsOfCambridge_2txts.wav	7340
rirs/16khz/h075_Hallway_Office_2txts.wav	38490
rirs/16khz/h076_OfficeBathroom_2txts.wav	42420
rirs/16khz/h077_MITCampus_StudentLounge_2txts.wav	28142
rirs/16khz/h078_Bar_2txts.wav	26678
rirs/16khz/h079_Bar_2txts.wav	28184
rirs/16khz/h080_Outdoor_GrassyField_2txts.wav	7070
rirs/16khz/h081_Shower_2txts.wav	95460
rirs/16khz/h082_HomeFoyer_2txts.wav	39320
rirs/16khz/h083_Outside_ParkingLot_2txts.wav	9542
rirs/16khz/h084_Outside_SuburbanBackyard_2txts.wav	5582
rirs/16khz/h085_Bar_2txts.wav	10574
rirs/16khz/h086_Bar_2txts.wav	15372
rirs/16khz/h087_ArtGallery_2txts.wav	40644
rirs/16khz/h088_Outside_SuburbanDriveway_2txts.wav	5442
rirs/16khz/h089_MITCampus_StudentLounge_2txts.wav	28230
rirs/16khz/h090_Outside_StreetsOfCambridge_2txts.wav	6048
rirs/16khz/h091_Bar_2txts.wav	39912
rirs/16khz/h092_Office_ConferenceRoom_2txts.wav	31676
rirs/16khz/h093_Restaurant_2txts.wav	25370
rirs/16khz/h094_Campground_CabinLivingroom_2txts.wav	75648
rirs/16khz/h095_Campground_Cabin_2txts.wav	34118
rirs/16khz/h096_Hotel_Ballroom_2txts.wav	27764
rirs/16khz/h097_MITCampus_Atrium_2txts.wav	9774
rirs/16khz/h098_Bedroom_2txts.wav	28010
rirs/16khz/h099_Classroom_2txts.wav	19956
rirs/16khz/h100_Classroom_2txts.wav	59696
rirs/16khz/h101_Classroom_2txts.wav	32570
rirs/16khz/h102_Stairwell_ElementraySchool_1txts.wav	40202
rirs/16khz/h103_Classroom_2txts.wav	69830
rirs/16khz/h104_Classroom_2txts.wav	22368
rirs/16khz/h105_Classroom_2txts.wav	24770
rirs/16khz/h106_Classroom_2txts.wav	22982
rirs/16khz/h107_Supermerket_1txts.wav	45680
rirs/16khz/h108_MITCampus_ComputerRoom_1txts.wav	25584
rirs/16khz/h109_CoffeeShop_1txts.wav	39624
rirs/16khz/h110_Office_MeetingRoom_1txts.wav	20102
rirs/16khz/h111_Kitchen_1txts.wav	27662
rirs/16khz/h112_Bookstore_1txts.wav	35312
rirs/16khz/h113_IceCreamParlor_1txts.wav	26570
rirs/16khz/h114_Restaurant_txts.wav	14756
rirs/16khz/h115_MovieTheater_1txts.wav	26678
rirs/16khz/h116_SuperMarket_1txts.wav	24138
rirs/16khz/h117_MITCampus_Atrium_1txts.wav	29670
rirs/16khz/h118_MITCampus_Atrium_1txts.wav	28110
rirs/16khz/h119_BasementStorage_1txts.wav	15494
rirs/16khz/h120_Gym_WeightRoom_1txts.wav	20864
rirs/16khz/h121_MITCampus_Atrium_1txts.wav	9378
rirs/16khz/h122_CoffeeShop_1txts.wav	14846
rirs/16khz/h123_WineBar_1txts.wav	23004
rirs/16khz/h124_Outside_MITCampusCourtyard_1txts.wav	6084
rirs/16khz/h125_Bar_1txts.wav	44304
rirs/16khz/h126_Outside_Skatepark.wav	6690
rirs/16khz/h127_Supermarket_1txts.wav	18524
rirs/16khz/h128_Supermarket_1txts.wav	95714
rirs/16khz/h129_Supermarket_1txts.wav	44232
rirs/16khz/h130_Restaurant_1txs.wav	37848
rirs/16khz/h131_Outside_PathAroundResevoir_1txs.wav	7572
rirs/16khz/h132_ToyStore_1txts.wav	30030
rirs/16khz/h133_SubwayStation_ParkStreetBoston_1txts.wav	95178
rirs/16khz/h134_ParkingLot_1txts.wav	27692
rirs/16khz/h135_KitchePantry_1txts.wav	27816
rirs/16khz/h136_SamdwichShop_1txts.wav	22506
rirs/16khz/h137_Outside_StreetsOfCambridge_1txts.wav	9402
rirs/16khz/h138_Outside_StreetsOfCambridge_1txts.wav	7008
rirs/16khz/h139_OutsideStreetsOfBoston_1txts.wav	95832
rirs/16khz/h140_Outside_StreetsOfSomerville_1txts.wav	9398
rirs/16khz/h141_Outside_MITCampus_1txts.wav	11300
rirs/16khz/h142_Outside_StreetsOfBoston_1txts.wav	21008
rirs/16khz/h143_Outside_StreetsOfBoston_1txts.wav	8202
rirs/16khz/h144_Outside_StreetsOfSomerville_1txts.wav	5382
rirs/16khz/h145_Outside_StreetsOfBoston_1txts.wav	10272
rirs/16khz/h146_Outside_MITCampus_1txts.wav	8160
rirs/16khz/h147_Outside_MITCampus_1txts.wav	7020
rirs/16khz/h148_Outside_StreetsOfCambridge_1txts.wav	11208
rirs/16khz/h149_Outside_StreetsOfSomerville_1txts.wav	5718
rirs/16khz/h150_Outside_MITCampus_1txts.wav	6066
rirs/16khz/h151_Train_BostonTOrangeLine_1txts.wav	56918
rirs/16khz/h152_OfficeBathroom_1txts.wav	30050
rirs/16khz/h153_Office_Foyer_1txts.wav	34898
rirs/16khz/h154_OfficeKitchen_1txts.wav	27816
rirs/16khz/h155_FastFoodRestaurant_1txts.wav	13938
rirs/16khz/h156_Outside_StreetsOfCambridge_1txts.wav	7878
rirs/16khz/h157_ArtGallery_1txts.wav	31320
rirs/16khz/h158_HospitalWaitingRoom_1txts.wav	37160
rirs/16khz/h159_DocrorsOffice_1txts.wav	54458
rirs/16khz/h160_DepartmentStore_1txts.wav	31494
rirs/16khz/h161_MITCampus_Atrium_1txts.wav	16452
rirs/16khz/h162_Outside_Playground_1txts.wav	10820
rirs/16khz/h163_Bathroom_1txts.wav	42938
rirs/16khz/h164_Restaurant_1txts.wav	14024
rirs/16khz/h165_Bar_1txts.wav	10134
rirs/16khz/h166_MITDormLobby_1txts.wav	38922
rirs/16khz/h167_Outside_MITCampus_1txts.wav	6110
rirs/16khz/h168_Outside_StreetsOfcambridge_1txts.wav	10404
rirs/16khz/h169_IceCreamParlor_1txts.wav	24762
rirs/16khz/h170_Outside_BikePath_1txts.wav	12756
rirs/16khz/h171_Outside_BikePath_1txts.wav	9776
rirs/16khz/h172_Outside_EntranceOfLexingtonPublicLibrary_1txts.wav	16916
rirs/16khz/h173_Offixe_1txts.wav	20618
rirs/16khz/h174_Bar_1txts.wav	62810
rirs/16khz/h175_ParkingLot_1txts.wav	10242
rirs/16khz/h176_LivingRoom_1txts.wav	44550
rirs/16khz/h177_MITCampus_LaundryRoom_1txts.wav	21204
rirs/16khz/h178_OfficeFoyer_1txts.wav	79302
rirs/16khz/h179_Bar_1txts.wav	25178
rirs/16khz/h180_Outside_Field_1txts.wav	5498
rirs/16khz/h181_Hallway_MITInfiniteCorridor_1txs.wav	27896
rirs/16khz/h182_Hallway_MITInfiniteCorridor_1txt.wav	51308
rirs/16khz/h183_BackPorchOfSuburbanHome_1txts.wav	13094
rirs/16khz/h184_BilliardsRoom_1txts.wav	38004
rirs/16khz/h185_Hallway_House_1txts.wav	41684
rirs/16khz/h186_Outside_SoccerField_1txts.wav	6740
rirs/16khz/h187_Outside_StreetsOfCambridge_1txts.wav	8598
rirs/16khz/h188_Bar_1txts.wav	20144
rirs/16khz/h189_Outside_GravelPathThroughForest_1txts.wav	5028
rirs/16khz/h190_Train_BostonTGreenline_1txts.wav	57326
rirs/16khz/h191_Kitchen_1txts.wav	28182
rirs/16khz/h192_PorchOfSuburbanHouse_1txts.wav	19842
rirs/16khz/h193_LivingRoom_1txts.wav	28262
rirs/16khz/h194_Outside_SuburbanDriveway_1txts.wav	8474
rirs/16khz/h195_Outside_SuburbanFronyYard_1txts.wav	9458
rirs/16khz/h196_FastFoodRestaurant_1txts.wav	48924
rirs/16khz/h197_Hallway_MITCampus_1txts.wav	22154
rirs/16khz/h198_Hallway_MITCampus_1txts.wav	14088
rirs/16khz/h199_Outside_DoorstepOfHouseInCambridge_1txts.wav	25832
rirs/16khz/h200_DryCleaners_1txts.wav	33552
rirs/16khz/h201_MITCampus_DramaRoom_1txts.wav	43724
rirs/16khz/h202_Diningroom_1txts.wav	46682
rirs/16khz/h203_Outside_StreetsOfSomerville_1txts.wav	41472
rirs/16khz/h204_Outside_Forest_1txts.wav	9456
rirs/16khz/h205_Outside_Forest_1txts.wav	9074
rirs/16khz/h206_Outside_Forest_1txts.wav	8768
rirs/16khz/h207_Outside_Forest_1txts.wav	11928
rirs/16khz/h208_Outside_Forest_1txts.wav	10268
rirs/16khz/h209_Outside_Forest_1txts.wav	8018
rirs/16khz/h210_Outside_Forest_1txts.wav	8592
rirs/16khz/h211_Stairwell_1txts.wav	95744
rirs/16khz/h212_Outside_StreetsOfSomerville_1txts.wav	5330
rirs/16khz/h213_SubwayStation_CentralSquareCambridge_1txts.wav	89778
rirs/16khz/h214_Pizzeria_1txts.wav	20958
rirs/16khz/h215_SandwichShop_1txts.wav	34344
rirs/16khz/h216_Outside_StreetsOfCambridge_1txts.wav	11534
rirs/16khz/h217_Outside_StreetsOfcambridge_1txts.wav	7872
rirs/16khz/h218_StreetsOfBoston_1txts.wav	15288
rirs/16khz/h219_StreetsOfCambridge_1txs.wav	5964
rirs/16khz/h220_StreetsOfcambridge_1txts.wav	9710
rirs/16khz/h221_StreetsOfCambridge_1txts.wav	9218
rirs/16khz/h222_StreetsOfcambridge_1txts.wav	6932
rirs/16khz/h223_StreetsOfCambridge_1txts.wav	7980
rirs/16khz/h224_StreetsOfBoston_1txts.wav	8280
rirs/16khz/h225_StreetsOfCambridge_1txts.wav	6800
rirs/16khz/h226_Pizzeria_1txts.wav	46718
rirs/16khz/h227_Outside_ParkingLot_1txts.wav	4628
rirs/16khz/h228_Outside_MITCampus_1txts.wav	13148
rirs/16khz/h229_Office_Lobby_1txts.wav	34764
rirs/16khz/h230_SuburbanBackyard_1txts.wav	15236
rirs/16khz/h231_Classroom_1txts.wav	44772
rirs/16khz/h232_Hallway_MITCampus_1txts.wav	79752
rirs/16khz/h234_Bathroom_1txts.wav	64920
rirs/16khz/h235_Outside_Field_1txts.wav	8012
rirs/16khz/h236_BostonPubliLibrary_1txts.wav	45368
rirs/16khz/h237_Classroom_1txs.wav	31454
rirs/16khz/h238_Hallway_MITCampus_1txts.wav	34256
rirs/16khz/h239_Hallway_MITCampus_1txts.wav	57156
rirs/16khz/h240_Classroom_1txts.wav	20754
rirs/16khz/h241_Classroom_1txts.wav	24662
rirs/16khz/h242_Classroom_1txts.wav	55920
rirs/16khz/h243_Hallway_MITCampus_1txts.wav	52772
rirs/16khz/h244_Classroom_1txts.wav	31370
rirs/16khz/h245_Classroom_1txts.wav	30300
rirs/16khz/h246_Classroom_1txts.wav	40092
rirs/16khz/h247_Classroom_1txts.wav	10494
rirs/16khz/h248_Classroom_1txts.wav	18324
rirs/16khz/h249_Classroom_1txts.wav	28868
rirs/16khz/h250_Classroom_1txts.wav	26870
rirs/16khz/h251_Hallway_MITCampus_1txts.wav	89948
rirs/16khz/h252_Auditorium_1txts.wav	41930
rirs/16khz/h253_Classroom_1txts.wav	33464
rirs/16khz/h254_Classroom_1txts.wav	19392
rirs/16khz/h255_MITCampus_StudentLounge_1txts.wav	73266
rirs/16khz/h256_Stairwell_1txts.wav	95760
rirs/16khz/h257_Hallway_MITCampus_1txts.wav	64836
rirs/16khz/h258_Classroom_1txts.wav	36534
rirs/16khz/h259_Classroom_1txts.wav	21720
rirs/16khz/h260_Classroom_1txts.wav	18494
rirs/16khz/h261_Classroom_1txts.wav	22274
rirs/16khz/h262_Classroom_1txts.wav	29106
rirs/16khz/h263_Outside_StreetsOfCambridge_1txts.wav	5930
rirs/16khz/h264_Hallway_MITCampus_1txts.wav	47406
rirs/16khz/h265_Classroom_1txts.wav	34616
rirs/16khz/h266_MITCampus_StduentLounge_1txts.wav	27152
rirs/16khz/h267_MITCampus_Atrium_1txts.wav	21824
rirs/16khz/h268_BasementOfSuburbanHome_1txts.wav	27266
rirs/16khz/h269_Office_ConferenceRoom_1txts.wav	34836
rirs/16khz/h270_Hallway_House_1txts.wav	43256
rirs/16khz/h271_Outside_InTramStopRainShelter_2txts.wav	57566
